elapsed_s,label,pid,pcpu,pmem,rss_kb,vsz_kb
0,exchange,34292,57.2,0.3,67120,460007088
5,exchange,34292,61.2,0.3,73952,460019136
10,exchange,34292,60.6,0.3,74912,460019136
15,exchange,34292,60.9,0.3,75728,460019136
20,exchange,34292,60.6,0.3,76448,460017552
25,exchange,34292,60.5,0.3,77280,460017776
30,exchange,34292,61.0,0.3,78032,460016192
35,exchange,34292,60.2,0.3,78880,460016192
40,exchange,34292,60.1,0.3,79648,460016192
45,exchange,34292,59.7,0.3,80384,460016192
50,exchange,34292,60.0,0.3,81152,460016192
55,exchange,34292,59.6,0.3,81920,460016192
60,exchange,34292,60.3,0.3,82704,460016304
